" Armory",,,,,,,,,,
"Name",#,Type,Tier,Durability,Weight,Value,Limited Stock,Rural Locale,Urban Locale,Premium Locale
"Gambeson Coat",1,Phy. Def. 1,Mundane,12/12,5,2 bc,FALSE,FALSE,FALSE,TRUE
"Gambeson Leggings",1,Phy. Def. 0.5,Mundane,12/12,3,1 bc,FALSE,FALSE,FALSE,TRUE
"Leather Helmet",1,Phy. Def. 0.5,Mundane,12/12,2,0.5 bc,FALSE,FALSE,FALSE,TRUE
"Leather Cuirass and Pauldrons",1,Phy. Def. 0.5,Mundane,12/12,4,3 bc,FALSE,FALSE,FALSE,TRUE
"Leather Cuisses and Greaves",1,Phy. Def. 0.5,Mundane,12/12,3,2 bc,FALSE,FALSE,FALSE,TRUE
"Leather Vambrace",1,Phy. Def. 0.5,Mundane,12/12,2,1.5 bc,FALSE,FALSE,FALSE,TRUE
,,,,,,,,,,
"Chainmail Coif",1,Phy. Def. 0.75,Superior,24/24,4,11.2 bc,TRUE,TRUE,TRUE,TRUE
"Chainmail Shirt",1,Phy. Def. 0.75,Mundane,12/12,20,22.4 bc,TRUE,TRUE,TRUE,TRUE
"Chainmail Leggings",1,Phy. Def. 0.75,Mundane,12/12,12,11.2 bc,TRUE,TRUE,TRUE,TRUE
"Chainmail Sleeves",1,Phy. Def. 0.75,Mundane,12/12,11,11.2 bc,TRUE,TRUE,TRUE,TRUE
"Half Helm",1,Phy. Def. 1,Mundane,12/12,5,22.5 bc,FALSE,FALSE,TRUE,TRUE
"Brigandine Cuirass and Pauldrons",1,Phy. Def. 1,Mundane,12/12,21,60 bc,FALSE,FALSE,TRUE,TRUE
"Brigandine Cuisses and Greaves",1,Phy. Def. 1,Mundane,12/12,14,40.5 bc,FALSE,FALSE,TRUE,TRUE
"Brigandine Vambrace and Gauntlets",1,"Phy. Def. 1, Hand Protection Unarmed",Mundane,12/12,12,27.75 bc,FALSE,FALSE,TRUE,TRUE
,,,,,,,,,,
"Plate Full Helm",1,Phy. Def. 1.35,Mundane,12/12,6,225 bc,FALSE,FALSE,FALSE,TRUE
"Plate Cuirass and Pauldrons",1,Phy. Def. 1.5,Mundane,12/12,23,450 bc,FALSE,FALSE,FALSE,TRUE
"Plate Cuisses and Greaves",1,Phy. Def. 1.35,Mundane,12/12,15,300 bc,FALSE,FALSE,FALSE,TRUE
"Plate Vambrace and Gauntlets",1,"Phy. Def. 1.35, Hand Protection Unarmed",Mundane,12/12,13,150 bc,FALSE,FALSE,FALSE,TRUE
"Small Shield (Buckler, Targe, Parma)",1,Phy. Def. 1,Mundane,12/12,4,2 bc,TRUE,TRUE,TRUE,TRUE
"Kite Shield",1,Phy. Def. 2,Mundane,12/12,8,7 bc,FALSE,TRUE,TRUE,TRUE
"Hoplon Shield",1,Phy. Def. 2,Mundane,12/12,8,7 bc,FALSE,TRUE,TRUE,TRUE
"Pavise Shield",1,Phy. Def. 2,Mundane,12/12,8,7 bc,FALSE,TRUE,TRUE,TRUE
"Heater Shield",1,Phy. Def. 2,Mundane,12/12,8,7 bc,FALSE,TRUE,TRUE,TRUE
"Heavy Shield (Tower)",1,Phy. Def. 3,Mundane,12/12,25,150 bc,FALSE,FALSE,TRUE,TRUE
"Mantlet",1,Phy. Def. 4,Mundane,12/12,90,17 bc,FALSE,FALSE,FALSE,TRUE
,,,,,,,,,,
"Weaponsmith",,,,,,,,,,
"Name",#,Type,Tier,Durability,Weight,Value,Limited Stock,Rural Locale,Urban Locale,Premium Locale
"Dagger",1,"Small Thrusting Point, Small Slashing Blade, Thrown Small Point",Mundane,12/12,1,2 bc,TRUE,TRUE,TRUE,TRUE
"Shortsword",1,"Small Thrusting Point, Small Slashing Blade, Thrown Small Point",Mundane,12/12,1.5,10 bc,TRUE,TRUE,TRUE,TRUE
"Handaxe",1,Small Hafted Blade,Mundane,12/12,2,10 bc,TRUE,TRUE,TRUE,TRUE
"Sickle",1,Small Hafted Blade,Mundane,12/12,2,5 bc,FALSE,FALSE,TRUE,TRUE
"Light Hammer",1,Small Hafted Blunt,Mundane,12/12,2,1 bc,FALSE,FALSE,TRUE,TRUE
"Arming Sword",1,"Medium Thrusting Sword, Medium Slashing Sword",Mundane,12/12,2,2 bc,FALSE,FALSE,TRUE,TRUE
"Rapier",1,Medium Thrusting Sword,Mundane,12/12,2,12 bc,FALSE,FALSE,FALSE,TRUE
"Scimitar",1,Medium Slashing Sword,Mundane,12/12,2,25 bc,FALSE,FALSE,TRUE,TRUE
"Battleaxe",1,Medium Hafted Axe,Mundane,12/12,4,10 bc,TRUE,TRUE,TRUE,TRUE
"Flail",1,Medium Hafted Blunt,Mundane,12/12,3,10 bc,FALSE,FALSE,TRUE,TRUE
"Morning Star",1,"Medium Hafted Blunt, Medium Hafted Point",Mundane,12/12,4,15 bc,FALSE,FALSE,TRUE,TRUE
"Mace",1,Medium Hafted Blunt,Mundane,12/12,3,5 bc,FALSE,TRUE,TRUE,TRUE
"Warhammer/pick",1,"Medium Hafted Blunt, Medium Hafted Point",Mundane,12/12,4,9 bc,FALSE,FALSE,TRUE,TRUE
"Longsword",1,"Large Thrusting Sword, Large Slashing Sword",Mundane,12/12,3,15 bc,FALSE,FALSE,TRUE,TRUE
"Glaive",1,Large Hafted Blade,Mundane,12/12,6,20 bc,FALSE,FALSE,TRUE,TRUE
"Dane Axe",1,Large Hafted Blade,Mundane,12/12,4,11 bc,FALSE,TRUE,TRUE,TRUE
"Maul",1,Large Hafted Blunt,Mundane,12/12,7,10 bc,FALSE,TRUE,TRUE,TRUE
"Shortsword",1,"Small Thrusting Point, Small Slashing Blade, Thrown Small Point",Mundane,12/12,1.5,10 bc,TRUE,TRUE,TRUE,TRUE
"Trident",1,"Short Spear, Thrown Short Spear",Mundane,12/12,3,5 bc,FALSE,FALSE,FALSE,TRUE
"Poleaxe",1,"Large Hafted Blunt, Large Hafted Blade, Large Hafted Point",Mundane,12/12,6,40 bc,FALSE,FALSE,FALSE,TRUE
"Javelin",1,"Short Spear, Thrown Short Spear",Mundane,12/12,3,5 bc,FALSE,FALSE,TRUE,TRUE
"Greatsword",1,"Thrusting Greatsword, Slashing Greatsword",Mundane,12/12,6,50 bc,FALSE,FALSE,TRUE,TRUE
"Swordstaff",1,"Reach Hafted Blade, Longspear",Mundane,12/12,6,50 bc,FALSE,FALSE,TRUE,TRUE
"Halberd",1,"Reach Hafted Blade, Reach Hafted Point",Mundane,12/12,7,20 bc,FALSE,FALSE,TRUE,TRUE
"Long Poleaxe",1,"Reach Hafted Blunt, Reach Hafted Blade, Reach Hafted Point",Mundane,12/12,7,41 bc,FALSE,FALSE,FALSE,TRUE
"Lance",1,Reach Hafted Point,Mundane,12/12,11,10 bc,FALSE,FALSE,FALSE,TRUE
"Long Spear",1,Longspear,Mundane,12/12,5,2 bc,FALSE,TRUE,TRUE,TRUE
"Pike",1,Longspear,Mundane,12/12,5,5 bc,FALSE,TRUE,TRUE,TRUE
"Man Catcher",1,Man Catcher,Mundane,12/12,8,5 bc,FALSE,FALSE,FALSE,TRUE
"Swordbreaker",1,Small Slashing Blade,Mundane,12/12,1,25 bc,FALSE,FALSE,FALSE,TRUE
,,,,,,,,,,
"Blacksmith",,,,,,,,,,
"Name",#,Type,Tier,Durability,Weight,Value,Limited Stock,Rural Locale,Urban Locale,Premium Locale
"-[Adventuring Gear]-",,,,,,,,,,
"Bag of Ball Bearings",1000,Misc,Mundane,,2,70 cc,FALSE,TRUE,TRUE,TRUE
"Bell",1,Misc,Mundane,,0.1,70 cc,FALSE,TRUE,TRUE,TRUE
"Block and Tackle",1,Misc,Mundane,,5,70 cc,FALSE,FALSE,TRUE,TRUE
"Chain (10 feet)",1,Misc,Mundane,,10,3 bc,TRUE,TRUE,TRUE,TRUE
"Crowbar",1,Small Hafted Blunt,Mundane,12/12,5,2 bc,TRUE,TRUE,TRUE,TRUE
"Grappling Hook",1,Misc,Mundane,,4,2 bc,FALSE,FALSE,TRUE,TRUE
"Hammer",1,Small Hafted Blunt,Mundane,12/12,3,1 bc,TRUE,TRUE,TRUE,TRUE
"Hammer, Sledge",1,Large Hafted Blunt,Mundane,12/12,10,2 bc,FALSE,TRUE,TRUE,TRUE
"Hunting Trap",1,Misc,Mundane,,25,5 bc,FALSE,TRUE,TRUE,TRUE
"Lamp",1,Misc,Mundane,,1,50 cc,FALSE,TRUE,TRUE,TRUE
"Lantern, Bullseye",1,Misc,Mundane,,2,10 bc,FALSE,FALSE,FALSE,TRUE
"Lantern, Hooded",1,Misc,Mundane,,2,5 bc,FALSE,FALSE,TRUE,TRUE
"Lock",1,Misc,Mundane,,1,10 bc,FALSE,TRUE,TRUE,TRUE
"Manacles",1,Misc,Mundane,,6,2 bc,FALSE,FALSE,TRUE,TRUE
"Mirror, Steel",1,Misc,Mundane,,0.5,5 bc,FALSE,FALSE,TRUE,TRUE
"Pick, Miner's",1,Large Hafted Point,Mundane,12/12,10,2 bc,FALSE,TRUE,TRUE,TRUE
"Piton",1,Misc,Mundane,,0.25,3 cc,FALSE,TRUE,TRUE,TRUE
"Pot, Iron",1,Misc,Mundane,,10,1 bc,FALSE,TRUE,TRUE,TRUE
"Spikes, Iron",1,Misc,Mundane,,5,70 cc,FALSE,FALSE,TRUE,TRUE
"Whetstone",1,Misc,Mundane,,1,1 cc,FALSE,TRUE,TRUE,TRUE
"-[Tools]-",,,,,,,,,,
"Carpenter's Tools",1,Misc,Mundane,,6,6 bc,FALSE,TRUE,TRUE,TRUE
"Mason's Tools",1,Misc,Mundane,,8,7 bc,FALSE,FALSE,TRUE,TRUE
"Smith's Tools",1,Misc,Mundane,,8,20 bc,TRUE,TRUE,TRUE,TRUE
"Tinker's Tools",1,Misc,Mundane,,10,38 bc,FALSE,FALSE,FALSE,TRUE
"-[Musical Instruments]-",,,,,,,,,,
"Horn",1,Misc,Mundane,,2,3 bc,FALSE,FALSE,FALSE,TRUE
,,,,,,,,,,
"Fletcher/Bowyer",,,,,,,,,,
"Name",#,Type,Tier,Durability,Weight,Value,Limited Stock,Rural Locale,Urban Locale,Premium Locale
"-[Weapon]-",,,,,,,,,,
"Light Crossbow",1,Light Crossbow,Mundane,12/12,5,25 bc,FALSE,TRUE,TRUE,TRUE
"Shortbow",1,Light Bow,Mundane,12/12,2,25 bc,TRUE,TRUE,TRUE,TRUE
"Hand Crossbow",1,Hand Crossbow,Mundane,12/12,3,75 bc,FALSE,FALSE,TRUE,TRUE
"Heavy Crossbow",1,Heavy Crossbow,Mundane,12/12,11,50 bc,FALSE,TRUE,TRUE,TRUE
"Longbow",1,Heavy Bow,Mundane,12/12,4,50 bc,TRUE,TRUE,TRUE,TRUE
"-[Ammunition]-",,,,,,,,,,
"Broadhead Arrow",20,Standard Arrow,Mundane,-,0.05,1 bc,TRUE,TRUE,TRUE,TRUE
"Barbed Broadhead Arrow",20,Wounding Arrow,Mundane,-,0.05,1.4 bc,FALSE,FALSE,TRUE,TRUE
"Bodkin Arrow",20,Anti-armor Arrow,Mundane,-,0.05,2 bc,FALSE,FALSE,TRUE,TRUE
"Wood Tipped Arrow",20,Shoddy Arrow,Mundane,-,0.05,50 cc,TRUE,TRUE,TRUE,TRUE
"Broadhead Bolt",20,Standard Bolt,Mundane,-,0.075,1 bc,TRUE,TRUE,TRUE,TRUE
"Barbed Broadhead Bolt",20,Wounding Bolt,Mundane,-,0.075,1.4 bc,FALSE,FALSE,TRUE,TRUE
"Bodkin Bolt",20,Anti-armor Bolt,Mundane,-,0.075,2 bc,FALSE,FALSE,TRUE,TRUE
"Wood Tipped Bolt",20,Shoddy Bolt,Mundane,-,0.075,50 cc,TRUE,TRUE,TRUE,TRUE
"-[Misc]-",,,,,,,,,,
"Shortbow Bowstring",1,Misc,Mundane,,0.05,8 cc,TRUE,TRUE,TRUE,TRUE
"Longbow Bowstring",1,Misc,Mundane,,0.05,10 cc,TRUE,TRUE,TRUE,TRUE
"Hand Crossbow Bowstring",1,Misc,Mundane,,0.05,10 cc,FALSE,FALSE,FALSE,TRUE
"Light Crossbow Bowstring",1,Misc,Mundane,,0.05,8 cc,FALSE,FALSE,FALSE,TRUE
"Heavy Crossbow Bowstring",1,Misc,Mundane,,0.05,20 cc,FALSE,FALSE,FALSE,TRUE
"Quiver (capacity: 20)",1,Misc,Mundane,,1,1 bc,TRUE,TRUE,TRUE,TRUE
"Case, Crossbow Bolts (capacity: 20)",1,Misc,Mundane,,1,1 bc,FALSE,FALSE,TRUE,TRUE
,,,,,,,,,,
"Leatherworker",,,,,,,,,,
"Name",#,Type,Tier,Durability,Weight,Value,Limited Stock,Rural Locale,Urban Locale,Premium Locale
"-[Armor]-",,,,,,,,,,
"Leather Helmet",1,Phy. Def. 0.5,Mundane,12/12,2,0.5 bc,FALSE,FALSE,FALSE,TRUE
"Leather Cuirass and Pauldrons",1,Phy. Def. 0.5,Mundane,12/12,4,3 bc,FALSE,FALSE,FALSE,TRUE
"Leather Cuisses and Greaves",1,Phy. Def. 0.5,Mundane,12/12,3,2 bc,FALSE,FALSE,FALSE,TRUE
"Leather Vambrace",1,Phy. Def. 0.5,Mundane,12/12,2,1.5 bc,FALSE,FALSE,FALSE,TRUE
"-[Weapom]-",,,,,,,,,,
"Sling",1,Sling,Mundane,12/12,0.5,20 cc,TRUE,TRUE,FALSE,FALSE
"-[Misc]-",,,,,,,,,,
"Waterskin (0/4)",1,Misc,Mundane,,1,20 cc,TRUE,TRUE,TRUE,TRUE
"Waterskin (4/4)",1,Misc,Mundane,,5,20 cc,TRUE,TRUE,TRUE,TRUE
"Cobbler's Tools",1,Misc,Mundane,,5,5 bc,FALSE,TRUE,TRUE,TRUE
"Leatherworker's Tools",1,Misc,Mundane,,10,5 bc,TRUE,TRUE,TRUE,TRUE
"Bagpipes",1,Misc,Mundane,,6,30 bc,FALSE,FALSE,FALSE,TRUE
"Drum",1,Misc,Mundane,,3,6 bc,FALSE,FALSE,TRUE,TRUE
,,,,,,,,,,
"Temple/Faith Supplies",,,,,,,,,,
"Name",#,Type,Tier,Durability,Weight,Value,Limited Stock,Rural Locale,Urban Locale,Premium Locale
"Alms Box",1,Misc,Mundane,,1,5 bc,FALSE,O,O,O
"Bell",1,Misc,Mundane,,0.1,70 cc,FALSE,FALSE,TRUE,TRUE
"Blanket",1,Misc,Mundane,,3,50 cc,FALSE,TRUE,TRUE,TRUE
"Book, Scripture",1,Misc,Mundane,,0.5,25 bc,TRUE,TRUE,TRUE,TRUE
"Candle",1,Misc,Mundane,,0.1,1 cc,TRUE,TRUE,TRUE,TRUE
"Case, Map or Scroll",1,Misc,Mundane,,1,1 bc,FALSE,FALSE,TRUE,TRUE
"Censer",1,Misc,Mundane,,1,5 bc,FALSE,O,O,O
"Chalk (1 piece)",1,Misc,Mundane,,0.1,1 cc,FALSE,TRUE,TRUE,TRUE
"Flask",1,Misc,Mundane,,1,2 cc,TRUE,TRUE,TRUE,TRUE
"Healer's Kit",1,Misc,Mundane,,3,5 bc,FALSE,FALSE,TRUE,TRUE
"Amulet - Holy Symbol",1,Misc,Mundane,,1,5 bc,TRUE,TRUE,TRUE,TRUE
"Emblem",1,Misc,Mundane,,0.1,5 bc,TRUE,TRUE,TRUE,TRUE
"Reliquary",1,Misc,Mundane,,2,5 bc,TRUE,TRUE,TRUE,TRUE
"Blessed Water (flask)",1,Misc,Mundane,,1,25 bc,TRUE,TRUE,TRUE,TRUE
"Incense (1 block)",1,Misc,Mundane,,0.1,1 cc,FALSE,O,O,O
"Ink (1 ounce bottle)",1,Misc,Mundane,,0.1,10 bc,FALSE,FALSE,TRUE,TRUE
"Ink Pen (Fountain)",1,Misc,Mundane,,0.05,3 bc,FALSE,FALSE,TRUE,TRUE
"Lamp",1,Misc,Mundane,,1,50 cc,FALSE,TRUE,TRUE,TRUE
"Lantern, Hooded",1,Misc,Mundane,,2,5 bc,FALSE,FALSE,FALSE,TRUE
"Oil (flask)",1,Misc,Mundane,,1,10 cc,TRUE,TRUE,TRUE,TRUE
"Paper (one sheet)",1,Misc,Mundane,,0,20 cc,FALSE,FALSE,FALSE,TRUE
"Parchment (one sheet)",1,Misc,Mundane,,0,10 cc,FALSE,FALSE,TRUE,TRUE
"Perfume (vial)",1,Misc,Mundane,,0.1,5 bc,FALSE,FALSE,FALSE,TRUE
"Vial of Gradual Healing Blood",1,Misc,Mundane,,0.25,50 bc,TRUE,TRUE,TRUE,TRUE
"Vial of Minor Healing Blood",1,Misc,Mundane,,0.25,50 bc,TRUE,TRUE,TRUE,TRUE
"Vial of Medium Healing Blood",1,Misc,Mundane,,0.25,250 bc,FALSE,TRUE,TRUE,TRUE
"Vial of Serious Healing Blood",1,Misc,Mundane,,0.25,2500 bc,FALSE,TRUE,TRUE,TRUE
"Vial of Fatal Healing Blood",1,Misc,Mundane,,0.25,12500 bc,FALSE,FALSE,TRUE,TRUE
"Vial of Revival Healing Blood",1,Misc,Mundane,,0.25,62500 bc,FALSE,FALSE,FALSE,TRUE
"Rations (1 day)",1,Misc,Mundane,,2,50 cc,FALSE,TRUE,TRUE,TRUE
"Torch",1,Torch,Shoddy,9/9,1,1 cc,TRUE,TRUE,TRUE,TRUE
"Vial",1,Misc,Mundane,,0.1,1 bc,TRUE,TRUE,TRUE,TRUE
"Waterskin (0/4)",1,Misc,Mundane,,1,20 cc,TRUE,TRUE,TRUE,TRUE
"Waterskin (4/4)",1,Misc,Mundane,,5,20 cc,TRUE,TRUE,TRUE,TRUE
"Calligrapher's Supplies",1,Misc,Mundane,,5,10 bc,FALSE,FALSE,O,O
"Herbalism Kit",1,Misc,Mundane,,3,5 bc,FALSE,FALSE,TRUE,TRUE
"Flute",1,Misc,Mundane,,2,2 bc,FALSE,FALSE,FALSE,O
"Lyre",1,Misc,Mundane,,2,30 bc,FALSE,FALSE,FALSE,O
"Horn",1,Misc,Mundane,,2,3 bc,FALSE,FALSE,FALSE,O
"-[Services]-",,,,,,,,,,
"Lvl 1 Blessing",,,,,10 bc,,TRUE,TRUE,TRUE,TRUE
"Lvl 2 Blessing",,,,,50 bc,,FALSE,TRUE,TRUE,TRUE
"Lvl 3 Blessing",,,,,50 bc,,TRUE,TRUE,TRUE,TRUE
"Lvl 4 Blessing",,,,,100 bc,,FALSE,TRUE,TRUE,TRUE
"Lvl 5 Blessing",,,,,400 bc,,FALSE,TRUE,TRUE,TRUE
"Lvl 6 Blessing",,,,,1000 bc,,FALSE,TRUE,TRUE,TRUE
,,,,,,,,,,
"Book Prices (Library or Otherwise)",,,,,,,,,,
"Name",#,Type,Tier,Durability,Weight,Value,Limited Stock,Rural Locale,Urban Locale,Premium Locale
"Sealing Wax",1,Misc,Mundane,,0,10 bc,TRUE,TRUE,TRUE,TRUE
"Common Book, Soft Bound",1,Misc,Mundane,,1,5 bc,FALSE,TRUE,TRUE,TRUE
"Common Book, Hard Bound",1,Misc,Mundane,,1,2 bc,TRUE,TRUE,TRUE,TRUE
"Uncommon Book, Soft Bound",1,Misc,Mundane,,1,30 bc,FALSE,TRUE,TRUE,TRUE
"Uncommon Book, Hard Bound",1,Misc,Mundane,,1,3 bc,FALSE,TRUE,TRUE,TRUE
"Rare Book, Soft Bound",1,Misc,Mundane,,1,10 bc,FALSE,FALSE,TRUE,TRUE
"Rare Book, Hard Bound",1,Misc,Mundane,,1,5 bc,FALSE,FALSE,TRUE,TRUE
,,,,,,,,,,
"General Store",,,,,,,,,,
"Name",#,Type,Tier,Durability,Weight,Value,Limited Stock,Rural Locale,Urban Locale,Premium Locale
"Abacus",1,Misc,Mundane,,2,2 bc,FALSE,FALSE,TRUE,TRUE
"Barrel",1,Misc,Mundane,,70,2 bc,FALSE,TRUE,TRUE,TRUE
"Blanket",1,Misc,Mundane,,3,50 cc,TRUE,TRUE,TRUE,TRUE
"Bottle, glass",1,Misc,Mundane,,2,2 bc,FALSE,TRUE,TRUE,TRUE
"Bucket",1,Misc,Mundane,,2,5 bc,FALSE,TRUE,TRUE,TRUE
"Candle",1,Misc,Mundane,,0.1,1 cc,TRUE,TRUE,TRUE,TRUE
"Chest (12 ft^3)",1,300 lb container,Mundane,,25,5 bc,FALSE,FALSE,TRUE,TRUE
"Clothes, Common",1,Misc,Mundane,,3,5 bc,FALSE,TRUE,TRUE,TRUE
"Clothes, Fine",1,Misc,Mundane,,6,15 bc,FALSE,FALSE,FALSE,TRUE
"Flask or Tankard",1,Misc,Mundane,,1,2 cc,TRUE,TRUE,TRUE,TRUE
"Ink (1 ounce bottle)",1,Misc,Mundane,,0.1,10 bc,TRUE,TRUE,TRUE,TRUE
"Ink Pen (Fountain)",1,Misc,Mundane,,0.05,3 bc,FALSE,FALSE,TRUE,TRUE
"Journal, Soft Bound, 25 Sheets",1,Misc,Mundane,,1,7 bc,FALSE,TRUE,TRUE,TRUE
"Jug or PitcherJug or Pitcher",1,Misc,Mundane,,4,2 cc,TRUE,TRUE,TRUE,TRUE
"Ladder (10-foot)",1,Misc,Mundane,,25,10 cc,FALSE,TRUE,TRUE,TRUE
"String (10 feet)",1,Misc,Mundane,,0,1 cc,TRUE,TRUE,TRUE,TRUE
"Lantern, Hooded",1,Misc,Mundane,,2,5 bc,FALSE,FALSE,TRUE,TRUE
"Lamp",1,Misc,Mundane,,1,50 cc,FALSE,TRUE,TRUE,TRUE
"Lock",1,Misc,Mundane,,1,10 bc,FALSE,FALSE,TRUE,TRUE
"Mess Kit",1,Misc,Mundane,,1,20 cc,FALSE,TRUE,TRUE,TRUE
"Mirror, Steel",1,Misc,Mundane,,0.5,5 bc,FALSE,TRUE,TRUE,TRUE
"Paper (one sheet)",1,Misc,Mundane,,0,20 cc,FALSE,FALSE,TRUE,TRUE
"Parchment (one sheet)",1,Misc,Mundane,,0,10 cc,TRUE,TRUE,TRUE,TRUE
"Pick, Miner's",1,Large Hafted Point,Mundane,12/12,10,2 bc,FALSE,TRUE,TRUE,TRUE
"Pot, Iron",1,Misc,Mundane,,10,1 bc,TRUE,TRUE,TRUE,TRUE
"Pouch (1/5 ft^3)",1,6 lb container,Mundane,,1,50 cc,FALSE,TRUE,TRUE,TRUE
"Rope, Hempen (50 feet)",1,Misc,Mundane,,10,1 bc,FALSE,TRUE,TRUE,TRUE
"Rope, Silk (50 feet)",1,Misc,Mundane,,5,10 bc,FALSE,FALSE,FALSE,TRUE
"Sack",1,Misc,Mundane,,0.5,1 cc,TRUE,TRUE,TRUE,TRUE
"Scale, Merchant's",1,Misc,Mundane,,3,5 bc,FALSE,FALSE,TRUE,TRUE
"Shovel",1,Medium Hafted Blunt,Shoddy,9/9,5,2 bc,FALSE,TRUE,TRUE,TRUE
"Signet Ring",1,Misc,Mundane,,0.2,5 bc,FALSE,FALSE,TRUE,TRUE
"Soap",1,Misc,Mundane,,0.5,2 cc,FALSE,FALSE,TRUE,TRUE
"Vial",1,Misc,Mundane,,0.1,1 bc,FALSE,FALSE,TRUE,TRUE
"Carpenter's Tools",1,Misc,Mundane,,6,6 bc,TRUE,TRUE,TRUE,TRUE
"Cobbler's Tools",1,Misc,Mundane,,5,5 bc,FALSE,TRUE,TRUE,TRUE
"Cook's Utensils",1,Misc,Mundane,,8,1 bc,TRUE,TRUE,TRUE,TRUE
"Glassblower's Tools",1,Misc,Mundane,,7,30 bc,FALSE,FALSE,FALSE,TRUE
"Leatherworker's Tools",1,Misc,Mundane,,10,5 bc,FALSE,FALSE,TRUE,TRUE
"Mason's Tools",1,Misc,Mundane,,8,7 bc,TRUE,TRUE,TRUE,TRUE
"Potter's Tools",1,Misc,Mundane,,3,10 bc,FALSE,TRUE,TRUE,TRUE
"Smith's Tools",1,Misc,Mundane,,8,20 bc,FALSE,FALSE,FALSE,TRUE
"Weaver's Tools",1,Misc,Mundane,,5,1 bc,FALSE,TRUE,TRUE,TRUE
"Woodcarver's Tools",1,Misc,Mundane,,5,1 bc,TRUE,TRUE,TRUE,TRUE
,,,,,,,,,,
"Adventuring Supplies",,,,,,,,,,
"Name",#,Type,Tier,Durability,Weight,Value,Limited Stock,Rural Locale,Urban Locale,Premium Locale
"-[Armor]-",,,,,,,,,,
"Gambeson Coat",1,Phy. Def. 1,Mundane,12/12,5,2 bc,FALSE,FALSE,TRUE,TRUE
"Gambeson Leggings",1,Phy. Def. 0.5,Mundane,12/12,3,1 bc,FALSE,FALSE,TRUE,TRUE
"Leather Helmet",1,Phy. Def. 0.5,Mundane,12/12,2,0.5 bc,FALSE,FALSE,TRUE,TRUE
"Leather Cuirass and Pauldrons",1,Phy. Def. 0.5,Mundane,12/12,4,3 bc,FALSE,FALSE,TRUE,TRUE
"Leather Cuisses and Greaves",1,Phy. Def. 0.5,Mundane,12/12,3,2 bc,FALSE,FALSE,TRUE,TRUE
"Leather Vambrace",1,Phy. Def. 0.5,Mundane,12/12,2,1.5 bc,FALSE,FALSE,TRUE,TRUE
"-[Weapons]-",,,,,,,,,,
"Dagger",1,"Small Thrusting Point, Small Slashing Blade, Thrown Small Point",Mundane,12/12,1,2 bc,TRUE,TRUE,TRUE,TRUE
"Handaxe",1,Small Hafted Blade,Mundane,12/12,2,10 bc,TRUE,TRUE,TRUE,TRUE
"Light Hammer",1,Small Hafted Blunt,Mundane,12/12,2,1 bc,FALSE,FALSE,TRUE,TRUE
"Quarterstaff",1,Large Hafted Blunt,Mundane,12/12,4,20 cc,FALSE,FALSE,TRUE,TRUE
"Club",1,Medium Hafted Blunt,Mundane,12/12,2,10 cc,FALSE,TRUE,FALSE,FALSE
"Great Club",1,Large Hafted Blunt,Mundane,12/12,10,20 cc,FALSE,TRUE,TRUE,FALSE
"Whip",1,Whip,Mundane,12/12,3,2 bc,FALSE,TRUE,TRUE,TRUE
"Plumbata/Dart",1,Thrown Small Point,Mundane,12/12,5,5 cc,FALSE,TRUE,TRUE,TRUE
"Sling",1,Sling,Mundane,12/12,0.5,20 cc,FALSE,TRUE,TRUE,FALSE
"Hand Crossbow",1,Hand Crossbow,Mundane,12/12,3,75 bc,FALSE,FALSE,TRUE,TRUE
"Light Crossbow",1,Light Crossbow,Mundane,12/12,5,25 bc,FALSE,TRUE,TRUE,TRUE
"Shortbow",1,Light Bow,Mundane,12/12,2,25 bc,TRUE,TRUE,TRUE,TRUE
"Heavy Crossbow",1,Heavy Crossbow,Mundane,12/12,11,50 bc,FALSE,TRUE,TRUE,TRUE
"Longbow",1,Heavy Bow,Mundane,12/12,4,50 bc,TRUE,TRUE,TRUE,TRUE
"Blowgun",1,Blowgun,Mundane,12/12,1,10 bc,FALSE,TRUE,FALSE,FALSE
"- [Ammunition] -",,,,,,,,,,
"Broadhead Arrow",20,Standard Arrow,Mundane,-,0.05,1 bc,TRUE,TRUE,TRUE,TRUE
"Barbed Broadhead Arrow",20,Wounding Arrow,Mundane,-,0.05,1.4 bc,FALSE,FALSE,TRUE,TRUE
"Bodkin Arrow",20,Anti-armor Arrow,Mundane,-,0.05,2 bc,FALSE,FALSE,TRUE,TRUE
"Wood Tipped Arrow",20,Shoddy Arrow,Mundane,-,0.05,50 cc,TRUE,FALSE,TRUE,TRUE
"Broadhead Bolt",20,Standard Bolt,Mundane,-,0.075,1 bc,TRUE,FALSE,TRUE,TRUE
"Barbed Broadhead Bolt",20,Wounding Bolt,Mundane,-,0.075,1.4 bc,FALSE,FALSE,TRUE,TRUE
"Bodkin Bolt",20,Anti-armor Bolt,Mundane,-,0.075,2 bc,FALSE,FALSE,TRUE,TRUE
"Wood Tipped Bolt",20,Shoddy Bolt,Mundane,-,0.075,50 cc,TRUE,TRUE,TRUE,TRUE
"Sling Bullets",50,Standard Sling Bullets,Mundane,-,0.075,4 cc,FALSE,TRUE,TRUE,FALSE
"Blowguns Needles Plain",20,Plain Needles,Mundane,-,0.05,50 cc,FALSE,TRUE,FALSE,FALSE
"- [Misc] -",,,,,,,,,,
"Backpack (1 ft^3)",1,30 lb container,Mundane,,5,2 bc,TRUE,TRUE,TRUE,TRUE
"Bedroll",1,Misc,Mundane,,7,1 bc,TRUE,TRUE,TRUE,TRUE
"Blanket",1,Misc,Mundane,,3,50 cc,TRUE,TRUE,TRUE,TRUE
"Block and Tackle",1,Misc,Mundane,,5,70 cc,FALSE,FALSE,TRUE,TRUE
"Bottle, glass",1,Misc,Mundane,,2,2 bc,FALSE,TRUE,TRUE,TRUE
"Candle",1,Misc,Mundane,,0.1,1 cc,TRUE,TRUE,TRUE,TRUE
"Case, Crossbow Bolts (capacity: 20)",1,Misc,Mundane,,1,1 bc,TRUE,TRUE,TRUE,TRUE
"Case, Map or Scroll",1,Misc,Mundane,,1,1 bc,FALSE,TRUE,TRUE,TRUE
"Chain (10 feet)",1,Misc,Mundane,,10,3 bc,TRUE,TRUE,TRUE,TRUE
"Chest (12 ft^3)",1,300 lb container,Mundane,,25,5 bc,FALSE,FALSE,TRUE,TRUE
"Climber's Kit",1,Misc,Mundane,,12,25 bc,FALSE,FALSE,TRUE,TRUE
"Clothes, Traveler's",1,Misc,Mundane,,4,2 bc,TRUE,TRUE,TRUE,TRUE
"Crowbar",1,Small Hafted Blunt,Mundane,12/12,5,2 bc,TRUE,TRUE,TRUE,TRUE
"Flask or Tankard",1,Misc,Mundane,,1,2 cc,TRUE,TRUE,TRUE,TRUE
"Grappling Hook",1,Misc,Mundane,,4,2 bc,FALSE,FALSE,TRUE,TRUE
"Hammer",1,Small Hafted Blunt,Mundane,12/12,3,1 bc,TRUE,TRUE,TRUE,TRUE
"Healer's Kit",1,Misc,Mundane,,3,5 bc,FALSE,FALSE,FALSE,TRUE
"Hourglass",1,Misc,Mundane,,1,25 bc,FALSE,FALSE,FALSE,TRUE
"Hunting Trap",1,Misc,Mundane,,25,5 bc,FALSE,TRUE,TRUE,TRUE
"Ink (1 ounce bottle)",1,Misc,Mundane,,0.1,10 bc,TRUE,TRUE,TRUE,TRUE
"Ink Pen (Fountain)",1,Misc,Mundane,,0.05,3 bc,FALSE,FALSE,TRUE,TRUE
"Jug or PitcherJug or Pitcher",1,Misc,Mundane,,4,2 cc,TRUE,TRUE,TRUE,TRUE
"Ladder (10-foot)",1,Misc,Mundane,,25,10 cc,FALSE,TRUE,TRUE,TRUE
"Lantern, Hooded",1,Misc,Mundane,,2,5 bc,FALSE,FALSE,TRUE,TRUE
"Lock",1,Misc,Mundane,,1,10 bc,FALSE,FALSE,TRUE,TRUE
"Mess Kit",1,Misc,Mundane,,1,20 cc,FALSE,TRUE,TRUE,TRUE
"Mirror, Steel",1,Misc,Mundane,,0.5,5 bc,FALSE,TRUE,TRUE,TRUE
"Paper (one sheet)",1,Misc,Mundane,,0,20 cc,FALSE,FALSE,TRUE,TRUE
"Parchment (one sheet)",1,Misc,Mundane,,0,10 cc,FALSE,TRUE,TRUE,TRUE
"Pick, Miner's",1,Large Hafted Point,Mundane,12/12,10,2 bc,FALSE,TRUE,TRUE,TRUE
"Piton",1,Misc,Mundane,,0.25,3 cc,FALSE,TRUE,TRUE,TRUE
"Pole (10-foot)",1,Misc,Mundane,,7,5 cc,FALSE,TRUE,TRUE,TRUE
"Pot, Iron",1,Misc,Mundane,,10,1 bc,TRUE,TRUE,TRUE,TRUE
"Pouch (1/5 ft^3)",1,6 lb container,Mundane,,1,50 cc,TRUE,TRUE,TRUE,TRUE
"Quiver (capacity: 20)",1,Misc,Mundane,,1,1 bc,TRUE,TRUE,TRUE,TRUE
"Rations (1 day)",1,Misc,Mundane,,2,50 cc,FALSE,FALSE,TRUE,TRUE
"Rope, Hempen (50 feet)",1,Misc,Mundane,,10,1 bc,FALSE,TRUE,TRUE,TRUE
"Rope, Silk (50 feet)",1,Misc,Mundane,,5,10 bc,FALSE,FALSE,FALSE,TRUE
"Sack",1,Misc,Mundane,,0.5,1 cc,TRUE,TRUE,TRUE,TRUE
"Shovel",1,Medium Hafted Blunt,Shoddy,9/9,5,2 bc,FALSE,TRUE,TRUE,TRUE
"Signal Whistle",1,Misc,Mundane,,0.1,5 bc,FALSE,FALSE,FALSE,TRUE
"Signet Ring",1,Misc,Mundane,,0.2,5 bc,FALSE,FALSE,FALSE,TRUE
"Spy Glass",1,Misc,Mundane,,0,1000 bc,FALSE,FALSE,TRUE,TRUE
"Tent, Two-person",1,Misc,Mundane,,20,2 bc,TRUE,TRUE,TRUE,TRUE
"Tinderbox",1,Misc,Mundane,,1,50 cc,TRUE,TRUE,TRUE,TRUE
"Torch",1,Torch,Shoddy,9/9,1,1 cc,TRUE,TRUE,TRUE,TRUE
"Vial",1,Misc,Mundane,,0.1,1 bc,TRUE,TRUE,TRUE,TRUE
"Waterskin (0/4)",1,Misc,Mundane,,1,20 cc,TRUE,TRUE,TRUE,TRUE
"Waterskin (4/4)",1,Misc,Mundane,,5,20 cc,TRUE,TRUE,TRUE,TRUE
"Cartographer's Tools",1,Misc,Mundane,,6,15 bc,FALSE,FALSE,TRUE,TRUE
"Jeweler's Tools",1,Misc,Mundane,,2,25 bc,FALSE,FALSE,FALSE,TRUE
"Tinker's Tools",1,Misc,Mundane,,10,38 bc,FALSE,FALSE,TRUE,TRUE
"Herbalism Kit",1,Misc,Mundane,,3,5 bc,FALSE,FALSE,TRUE,TRUE
"Navigator's Kit",1,Misc,Mundane,,2,25 bc,TRUE,TRUE,TRUE,TRUE
,,,,,,,,,,
"Shady Dealer - General Store Add-on",,,,,,,,,,
"Name",#,Type,Tier,Durability,Weight,Value,Limited Stock,Rural Locale,Urban Locale,Premium Locale
"Acid (vial)",1,Misc,Mundane,,0.5,25 bc,FALSE,TRUE,TRUE,TRUE
"Antitoxin (vial)",1,Misc,Mundane,,0.5,50 bc,TRUE,TRUE,TRUE,TRUE
"Bag of Caltrops",20,Misc,Mundane,,2,1 bc,FALSE,FALSE,TRUE,TRUE
"Clothes, Costume",1,Misc,Mundane,,4,5 bc,FALSE,FALSE,FALSE,TRUE
"Manacles",1,Misc,Mundane,,6,2 bc,FALSE,FALSE,FALSE,TRUE
"Oil (flask)",1,Misc,Mundane,,1,10 cc,TRUE,TRUE,TRUE,TRUE
"Poison, Basic (vial)",1,Misc,Mundane,,0.5,100 bc,TRUE,TRUE,TRUE,TRUE
"Ram, Portable",1,Misc,Mundane,,35,4 bc,FALSE,FALSE,FALSE,TRUE
"Spikes, Iron",1,Misc,Mundane,,5,70 cc,FALSE,FALSE,TRUE,TRUE
"Disguise Kit",1,Misc,Mundane,,3,25 bc,FALSE,TRUE,TRUE,TRUE
"Forgery Kit",1,Misc,Mundane,,5,15 bc,TRUE,TRUE,TRUE,TRUE
"Dice Set",1,Misc,Mundane,,0.2,10 cc,TRUE,TRUE,TRUE,TRUE
"Playing Card Set",1,Misc,Mundane,,0.2,50 cc,FALSE,TRUE,TRUE,TRUE
"Poisoner's Kit",1,Misc,Mundane,,2,50 bc,TRUE,TRUE,TRUE,TRUE
"Thieves' Tools",1,Misc,Mundane,,1,25 bc,TRUE,TRUE,TRUE,TRUE
,,,,,,,,,,
"Magical Theme - General Store Add-on",,,,,,,,,,
"Name",#,Type,Tier,Durability,Weight,Value,Limited Stock,Rural Locale,Urban Locale,Premium Locale
"Conduit - Crystal",1,Misc,Mundane,,1,10 bc,FALSE,FALSE,TRUE,TRUE
"Conduit - Orb",1,Misc,Mundane,,3,20 bc,FALSE,FALSE,FALSE,TRUE
"Conduit - Rod",1,Misc,Mundane,,2,10 bc,FALSE,TRUE,TRUE,TRUE
"Conduit - Staff",1,Misc,Mundane,,4,5 bc,TRUE,TRUE,TRUE,TRUE
"Conduit - Wand",1,Misc,Mundane,,1,10 bc,TRUE,TRUE,TRUE,TRUE
"Component Pouch (2/5 ft^3)",1,12 lb container,Mundane,,2,25 bc,TRUE,TRUE,TRUE,TRUE
"Spellbook",1,Misc,Mundane,,3,50 bc,FALSE,TRUE,TRUE,TRUE
"Vial of Gradual Healing Blood",1,Misc,Mundane,,0.25,40 bc,TRUE,TRUE,TRUE,TRUE
"Vial of Minor Healing Blood",1,Misc,Mundane,,0.25,50 bc,TRUE,TRUE,TRUE,TRUE
"Vial of Medium Healing Blood",1,Misc,Mundane,,0.25,100 bc,FALSE,TRUE,TRUE,TRUE
"Vial of Serious Healing Blood",1,Misc,Mundane,,0.25,500 bc,FALSE,TRUE,TRUE,TRUE
"Vial of Fatal Healing Blood",1,Misc,Mundane,,0.25,1350 bc,FALSE,FALSE,TRUE,TRUE
"Vial of Revival Healing Blood",1,Misc,Mundane,,0.25,500 bc,FALSE,FALSE,FALSE,TRUE
,,,,,,,,,,
"Water-side Theme - General Store Add-on",,,,,,,,,,
"Name",#,Type,Tier,Durability,Weight,Value,Limited Stock,Rural Locale,Urban Locale,Premium Locale
"Short Spear",1,"Short Spear, Thrown Short Spear",Mundane,12/12,3,1 bc,TRUE,TRUE,TRUE,TRUE
"Trident",1,"Short Spear, Thrown Short Spear",Mundane,12/12,3,5 bc,TRUE,TRUE,TRUE,TRUE
"Net",1,Medium Sword,Mundane,12/12,3,1 bc,TRUE,TRUE,TRUE,TRUE
"Fishing Tackle",1,Misc,Mundane,,4,1 bc,TRUE,TRUE,TRUE,TRUE
"Rowboat",,,,,50 bc,,FALSE,TRUE,TRUE,TRUE
"1lb of Fishing Bait",1,Misc,Mundane,,1,5 cc,FALSE,TRUE,TRUE,TRUE
,,,,,,,,,,
"Art and Games Theme - General Store Add-on",,,,,,,,,,
"Name",#,Type,Tier,Durability,Weight,Value,Limited Stock,Rural Locale,Urban Locale,Premium Locale
"Calligrapher's Supplies",1,Misc,Mundane,,5,10 bc,FALSE,FALSE,TRUE,TRUE
"Glassblower's Tools",1,Misc,Mundane,,7,30 bc,FALSE,FALSE,FALSE,TRUE
"Painter's Supplies",1,Misc,Mundane,,3,10 bc,TRUE,TRUE,TRUE,TRUE
"Potter's Tools",1,Misc,Mundane,,3,10 bc,FALSE,FALSE,TRUE,TRUE
"Weaver's Tools",1,Misc,Mundane,,5,1 bc,FALSE,TRUE,TRUE,TRUE
"Woodcarver's Tools",1,Misc,Mundane,,5,1 bc,FALSE,TRUE,TRUE,TRUE
"Disguise Kit",1,Misc,Mundane,,3,25 bc,FALSE,FALSE,FALSE,TRUE
"Dice Set",1,Misc,Mundane,,0.2,10 cc,TRUE,TRUE,TRUE,TRUE
"Dragonchess Set",1,Misc,Mundane,,0.5,1 bc,FALSE,FALSE,FALSE,TRUE
"Playing Card Set",1,Misc,Mundane,,0.2,50 cc,FALSE,TRUE,TRUE,TRUE
"Three-Dragon Ante Set",1,Misc,Mundane,,0.2,50 cc,FALSE,FALSE,TRUE,TRUE
"Bagpipes",1,Misc,Mundane,,6,30 bc,FALSE,FALSE,FALSE,TRUE
"Drum",1,Misc,Mundane,,3,6 bc,FALSE,TRUE,TRUE,TRUE
"Dulcimer",1,Misc,Mundane,,10,1 bc,FALSE,FALSE,TRUE,TRUE
"Flute",1,Misc,Mundane,,2,2 bc,TRUE,TRUE,TRUE,TRUE
"Lute",1,Misc,Mundane,,2,35 bc,FALSE,TRUE,TRUE,TRUE
"Lyre",1,Misc,Mundane,,2,30 bc,TRUE,TRUE,TRUE,TRUE
"Horn",1,Misc,Mundane,,2,3 bc,FALSE,FALSE,TRUE,FALSE
"Pan Flute",1,Misc,Mundane,,2,9 bc,FALSE,TRUE,TRUE,TRUE
"Shawm",1,Misc,Mundane,,1,1 bc,FALSE,FALSE,TRUE,TRUE
"Viol",1,Misc,Mundane,,1,22 bc,FALSE,FALSE,FALSE,TRUE
,,,,,,,,,,
"Tailor/Textiles",,,,,,,,,,
"Name",#,Type,Tier,Durability,Weight,Value,Limited Stock,Rural Locale,Urban Locale,Premium Locale
"Basket",1,Misc,Mundane,,2,40 cc,TRUE,TRUE,TRUE,TRUE
"Cloak, Canvas",1,Misc,Mundane,,5,70 cc,FALSE,TRUE,TRUE,TRUE
"Cloak, Leather",1,Misc,Mundane,,5,2 bc,FALSE,TRUE,TRUE,TRUE
"Cloak, Leather, Lined",1,Misc,Mundane,,5,4 bc,FALSE,TRUE,TRUE,TRUE
"Clothes, Common",1,Misc,Mundane,,3,5 bc,TRUE,TRUE,TRUE,TRUE
"Clothes, Costume",1,Misc,Mundane,,4,5 bc,FALSE,FALSE,FALSE,TRUE
"Clothes, Fine",1,Misc,Mundane,,6,15 bc,FALSE,FALSE,TRUE,TRUE
"Clothes, Traveler's",1,Misc,Mundane,,4,2 bc,FALSE,TRUE,TRUE,TRUE
"Satchel (2/5 ft^3)",1,12 lb container,Mundane,,2,1 bc,FALSE,FALSE,FALSE,TRUE
"Pouch (1/5 ft^3)",1,6 lb container,Mundane,,1,50 cc,TRUE,TRUE,TRUE,TRUE
"Robes",1,Misc,Mundane,,4,1 bc,FALSE,TRUE,TRUE,TRUE
"Sack",1,Misc,Mundane,,0.5,1 cc,TRUE,TRUE,TRUE,TRUE
"Tent, Two-person",1,Misc,Mundane,,20,2 bc,FALSE,FALSE,TRUE,TRUE
"Bone Needle",5,Misc,Mundane,,0,3 cc,FALSE,TRUE,TRUE,TRUE
"Steel Needle",1,Misc,Mundane,,0,10 cc,FALSE,FALSE,TRUE,TRUE
"Cotton Thread (30 feet)",1,Misc,Mundane,,0.1,50 cc,FALSE,TRUE,TRUE,TRUE
"Leather Cord (15 feet)",1,Misc,Mundane,,0.2,1 bc,TRUE,TRUE,TRUE,TRUE
"Weaver's Tools",1,Misc,Mundane,,5,1 bc,TRUE,TRUE,TRUE,TRUE
,,,,,,,,,,
"Transportation",,,,,,,,,,
"Name",#,Type,Tier,Durability,Weight,Value,Limited Stock,Rural Locale,Urban Locale,Premium Locale
"Camel",,,,,50 bc,,TRUE,FALSE,TRUE,FALSE
"Donkey/ Mule",,,,,8 bc,,FALSE,TRUE,TRUE,TRUE
"Elephant",,,,,200 bc,,TRUE,FALSE,TRUE,TRUE
"Horse, draft",,,,,50 bc,,FALSE,TRUE,TRUE,TRUE
"Horse, riding",,,,,75 bc,,TRUE,FALSE,TRUE,TRUE
"Mastiff",,,,,25 bc,,FALSE,TRUE,TRUE,TRUE
"Pony",,,,,30 bc,,TRUE,TRUE,TRUE,TRUE
"Warhorse",,,,,400 bc,,TRUE,FALSE,FALSE,TRUE
"Barding",,,,,x4 humanoid,,FALSE,TRUE,TRUE,TRUE
"Bit & Bridle",1,Misc,Mundane,,1,2 bc,FALSE,TRUE,TRUE,TRUE
"Carriage",,,,,100 bc,,TRUE,FALSE,TRUE,TRUE
"Cart",,,,,15 bc,,TRUE,TRUE,TRUE,TRUE
"Chariot",,,,,250 bc,,TRUE,FALSE,TRUE,TRUE
"Feed (per day)",1,Misc,Mundane,,10,5 cc,TRUE,TRUE,TRUE,TRUE
"Saddle - Exotic",1,Misc,Mundane,,40,60 bc,TRUE,FALSE,FALSE,TRUE
"Saddle - Military",1,Misc,Mundane,,30,20 bc,TRUE,FALSE,TRUE,TRUE
"Saddle - Pack",1,Misc,Mundane,,15,5 bc,TRUE,FALSE,TRUE,TRUE
"Saddle - Riding",1,Misc,Mundane,,25,10 bc,TRUE,FALSE,TRUE,TRUE
"Saddlebags",1,Misc,Mundane,,8,4 bc,FALSE,FALSE,TRUE,TRUE
"Sled",,,,,20 bc,,TRUE,TRUE,TRUE,TRUE
"Stabling (per day)",,,,,50 cc,,FALSE,TRUE,TRUE,TRUE
"Wagon",,,,,35 bc,,FALSE,TRUE,TRUE,TRUE
"Galley",,,,,"30,000 bc",,TRUE,FALSE,TRUE,TRUE
"Keelboat",,,,,"3,000 bc",,TRUE,TRUE,TRUE,TRUE
"Longship",,,,,"10,000 bc",,TRUE,FALSE,TRUE,TRUE
"Rowboat",,,,,50 bc,,TRUE,TRUE,TRUE,TRUE
"Sailing Ship",,,,,"10,000 bc",,TRUE,FALSE,TRUE,TRUE
"Warship",,,,,"25,000 bc",,TRUE,FALSE,FALSE,TRUE
,,,,,,,,,,
"Jeweler/Stonecutter",,,,,,,,,,
"Name",#,Type,Tier,Durability,Weight,Value,Limited Stock,Rural Locale,Urban Locale,Premium Locale
"Amulet/Necklace, Exquisite",1,Misc,Mundane,,0.2,5 bc,TRUE,TRUE,TRUE,TRUE
"Amulet/Necklace, Mundane",1,Misc,Mundane,,0.2,50 cc,TRUE,TRUE,TRUE,TRUE
"Conduit - Crystal",1,Misc,Mundane,,1,10 bc,FALSE,FALSE,FALSE,TRUE
"Conduit - Orb",1,Misc,Mundane,,3,20 bc,FALSE,FALSE,TRUE,TRUE
"Earrings, Exquisite",1,Misc,Mundane,,0.1,4 bc,FALSE,FALSE,FALSE,TRUE
"Earrings, Mundane",1,Misc,Mundane,,0.1,40 cc,TRUE,TRUE,TRUE,TRUE
"Jewelry (+ Gem value)",1,Misc,Mundane,,0.2,50 bc,TRUE,TRUE,TRUE,TRUE
"Ring, Exquisite",1,Misc,Mundane,,0.2,3 bc,TRUE,TRUE,TRUE,TRUE
"Ring, Mundane",1,Misc,Mundane,,0.2,30 cc,TRUE,TRUE,TRUE,TRUE
"Signet Ring",1,Misc,Mundane,,0.2,5 bc,FALSE,TRUE,TRUE,TRUE
"-[Tools]-",,,,,,,,,,
"Jeweler's Tools",1,Misc,Mundane,,2,25 bc,FALSE,TRUE,TRUE,TRUE
"-[Services]-",,,,,,,,,,
"Gemstone Apprasisal (3 gems)",,,,,5 bc,,TRUE,TRUE,TRUE,TRUE
"Resizing Jewelry",,,,,10 bc,,FALSE,TRUE,TRUE,TRUE
"Set Gem (<100 bc value)",,,,,45 bc,,FALSE,TRUE,TRUE,FALSE
"Set Gem (100-1K bc value)",,,,,75 bc,,FALSE,FALSE,TRUE,TRUE
"Set Gem (1K+ bc value)",,,,,150 bc,,FALSE,FALSE,FALSE,TRUE
"Stone Cutting (+ value)",,,,,1/4 of value,,FALSE,FALSE,TRUE,TRUE
"-[10 bc Gemstones]-",,,,,,,,,,
"Azurite (Deep blue)",1,Misc,Mundane,,0.1,10 bc,TRUE,TRUE,TRUE,TRUE
"Banded agate (Brown / Blue)",1,Misc,Mundane,,0.1,10 bc,TRUE,TRUE,TRUE,TRUE
"Blue quartz (Pale blue)",1,Misc,Mundane,,0.1,10 bc,TRUE,TRUE,TRUE,TRUE
"Eye agate (Circles, gray / blue)",1,Misc,Mundane,,0.1,10 bc,TRUE,TRUE,TRUE,TRUE
"Hematite (Opaque gray-black)",1,Misc,Mundane,,0.1,10 bc,TRUE,TRUE,TRUE,TRUE
"Lapis lazuli (Blue with yellow)",1,Misc,Mundane,,0.1,10 bc,TRUE,TRUE,TRUE,TRUE
"Malachite (Striated greens)",1,Misc,Mundane,,0.1,10 bc,TRUE,TRUE,TRUE,FALSE
"Moss agate (Pale, moss marks)",1,Misc,Mundane,,0.1,10 bc,TRUE,TRUE,TRUE,TRUE
"Obsidian (Opaque black)",1,Misc,Mundane,,0.1,10 bc,TRUE,TRUE,TRUE,FALSE
"Rhodochrosite (Light pink)",1,Misc,Mundane,,0.1,10 bc,TRUE,TRUE,TRUE,TRUE
"Tiger eye (Brown, gold center)",1,Misc,Mundane,,0.1,10 bc,TRUE,TRUE,TRUE,TRUE
"Turquoise (Light blue-green)",1,Misc,Mundane,,0.1,10 bc,TRUE,TRUE,TRUE,FALSE
"-[50 bc Gemstones]-",,,,,,,,,,
"Bloodstone (Gray with red)",1,Misc,Mundane,,0.1,50 bc,TRUE,TRUE,TRUE,FALSE
"Carnelian (Opaque oranges)",1,Misc,Mundane,,0.1,50 bc,TRUE,TRUE,TRUE,TRUE
"Chalcedony (Opaque white)",1,Misc,Mundane,,0.1,50 bc,TRUE,TRUE,TRUE,TRUE
"Chrysoprase (Clear green)",1,Misc,Mundane,,0.1,50 bc,TRUE,TRUE,TRUE,TRUE
"Citrine (Pale yellow-brown)",1,Misc,Mundane,,0.1,50 bc,TRUE,TRUE,TRUE,FALSE
"Jasper (Blue, black, or brown)",1,Misc,Mundane,,0.1,50 bc,TRUE,TRUE,TRUE,FALSE
"Moonstone (White + glow)",1,Misc,Mundane,,0.1,50 bc,TRUE,FALSE,TRUE,TRUE
"Onyx (Black, white, or both)",1,Misc,Mundane,,0.1,50 bc,TRUE,TRUE,TRUE,TRUE
"Quartz (Transparent range)",1,Misc,Mundane,,0.1,50 bc,TRUE,TRUE,TRUE,FALSE
"Sardonyx (Red & white)",1,Misc,Mundane,,0.1,50 bc,TRUE,TRUE,TRUE,TRUE
"Star rose quartz (White star)",1,Misc,Mundane,,0.1,50 bc,TRUE,TRUE,TRUE,TRUE
"Zircon (Pale blue-green)",1,Misc,Mundane,,0.1,50 bc,TRUE,TRUE,TRUE,TRUE
"-[100 bc Gemstones]-",,,,,,,,,,
"Amber (Watery gold)",1,Misc,Mundane,,0.1,100 bc,TRUE,FALSE,TRUE,TRUE
"Amethyst (Deep purple)",1,Misc,Mundane,,0.1,100 bc,TRUE,FALSE,FALSE,TRUE
"Chrysoberyl (Yellow-green)",1,Misc,Mundane,,0.1,100 bc,TRUE,FALSE,TRUE,TRUE
"Coral (Opaque crimson)",1,Misc,Mundane,,0.1,100 bc,TRUE,FALSE,FALSE,TRUE
"Garnet (Red, or violet)",1,Misc,Mundane,,0.1,100 bc,TRUE,FALSE,TRUE,TRUE
"Jet (Opaque deep black)",1,Misc,Mundane,,0.1,100 bc,TRUE,FALSE,TRUE,TRUE
"Jade (Green to white)",1,Misc,Mundane,,0.1,100 bc,TRUE,FALSE,TRUE,TRUE
"Pearl (Lustrous white to pink)",1,Misc,Mundane,,0.1,100 bc,TRUE,TRUE,TRUE,TRUE
"Spinel (Clear red to green)",1,Misc,Mundane,,0.1,100 bc,TRUE,FALSE,TRUE,TRUE
"Tourmaline (Pale Red / Brown)",1,Misc,Mundane,,0.1,100 bc,TRUE,FALSE,TRUE,TRUE
"-[500 bc Gemstones]-",,,,,,,,,,
"Alexandrite (Dark green)",1,Misc,Mundane,,0.1,,TRUE,FALSE,TRUE,TRUE
"Aquamarine (Pale green-blue)",1,Misc,Mundane,,0.1,,TRUE,FALSE,TRUE,TRUE
"Black pearl (Pure black)",1,Misc,Mundane,,0.1,,TRUE,FALSE,FALSE,TRUE
"Bluespinel (Deep blue)",1,Misc,Mundane,,0.1,,TRUE,FALSE,TRUE,TRUE
"Peridot (Rich olive green)",1,Misc,Mundane,,0.1,,TRUE,FALSE,TRUE,TRUE
"Topaz (Golden yellow)",1,Misc,Mundane,,0.1,,TRUE,FALSE,FALSE,TRUE
"-[1000 bc Gemstones]-",,,,,,,,,,
"Black Opal (Translucent green)",1,Misc,Mundane,,0.1,1000 bc,TRUE,FALSE,FALSE,TRUE
"Blue sapphire (Shades of blue)",1,Misc,Mundane,,0.1,1000 bc,TRUE,FALSE,FALSE,TRUE
"Emerald (Deep bright green)",1,Misc,Mundane,,0.1,1000 bc,TRUE,FALSE,TRUE,TRUE
"Fire opal (Fiery red)",1,Misc,Mundane,,0.1,1000 bc,TRUE,FALSE,FALSE,TRUE
"Opal (Pale blue with green)",1,Misc,Mundane,,0.1,1000 bc,TRUE,FALSE,TRUE,TRUE
"Star ruby (Ruby with star)",1,Misc,Mundane,,0.1,1000 bc,TRUE,FALSE,FALSE,TRUE
"Star sapphire (Blue with star)",1,Misc,Mundane,,0.1,1000 bc,TRUE,FALSE,FALSE,TRUE
"Yellow Sapphire (Fiery yellow)",1,Misc,Mundane,,0.1,1000 bc,TRUE,FALSE,FALSE,TRUE
"-[5000 bc Gemstones]-",,,,,,,,,,
"Black Sapphire (Lustrous black)",1,Misc,Mundane,,0.1,5000 bc,TRUE,FALSE,FALSE,TRUE
"Diamond (Transparent)",1,Misc,Mundane,,0.1,5000 bc,TRUE,FALSE,FALSE,TRUE
"Jacinth (Fiery orange)",1,Misc,Mundane,,0.1,5000 bc,TRUE,FALSE,FALSE,TRUE
"Ruby (Shades of red)",1,Misc,Mundane,,0.1,5000 bc,TRUE,FALSE,FALSE,TRUE
"-[Powdering of Gems]-",,,,,,,,,,
"10 bc Gemstones",1,Misc,Mundane,,0.1,10 bc,TRUE,TRUE,TRUE,TRUE
"50 bc Gemstones",1,Misc,Mundane,,0.1,50 bc,TRUE,TRUE,TRUE,TRUE
"100 bc Gemstones",1,Misc,Mundane,,0.1,100 bc,FALSE,FALSE,TRUE,TRUE
"500 bc Gemstones",1,Misc,Mundane,,0.1,500 bc,FALSE,FALSE,TRUE,TRUE
"1000 bc Gemstones",1,Misc,Mundane,,0.1,1000 bc,FALSE,FALSE,FALSE,TRUE
"5000 bc Gemstones",1,Misc,Mundane,,0.1,5000 bc,FALSE,FALSE,FALSE,TRUE
,,,,,,,,,,
"Potion Shop",,,,,,,,,,
"Name",#,Type,Tier,Durability,Weight,Value,Limited Stock,Rural Locale,Urban Locale,Premium Locale
"Acid (vial)",1,Misc,Mundane,,0.5,25 bc,FALSE,TRUE,TRUE,TRUE
"Alchemist's Fire (flask)",1,Misc,Mundane,,1,50 bc,FALSE,FALSE,TRUE,TRUE
"Antitoxin (vial)",1,Misc,Mundane,,0.5,50 bc,TRUE,TRUE,TRUE,TRUE
"Component Pouch (2/5 ft^3)",1,12 lb container,Mundane,,2,25 bc,FALSE,TRUE,TRUE,TRUE
"Oil (flask)",1,Misc,Mundane,,1,10 cc,FALSE,TRUE,TRUE,TRUE
"Perfume (vial)",1,Misc,Mundane,,0.1,5 bc,FALSE,FALSE,FALSE,TRUE
"Poison, Basic (vial)",1,Misc,Mundane,,0.5,100 bc,TRUE,TRUE,TRUE,TRUE
"Vial of Gradual Healing Blood",1,Misc,Mundane,,0.25,40 bc,TRUE,TRUE,TRUE,TRUE
"Vial of Minor Healing Blood",1,Misc,Mundane,,0.25,50 bc,TRUE,TRUE,TRUE,TRUE
"Vial of Medium Healing Blood",1,Misc,Mundane,,0.25,100 bc,FALSE,TRUE,TRUE,TRUE
"Vial of Serious Healing Blood",1,Misc,Mundane,,0.25,500 bc,FALSE,TRUE,TRUE,TRUE
"Vial of Fatal Healing Blood",1,Misc,Mundane,,0.25,1350 bc,FALSE,FALSE,TRUE,TRUE
"Vial of Revival Healing Blood",1,Misc,Mundane,,0.25,500 bc,FALSE,FALSE,FALSE,TRUE
"Vial",1,Misc,Mundane,,0.1,1 bc,TRUE,TRUE,TRUE,TRUE
"Alchemy Ingredient - Uncommon",1,Misc,Mundane,,0.5,1 bc,TRUE,TRUE,TRUE,TRUE
"Alchemy Ingredient - Rare",1,Misc,Mundane,,0.5,10 bc,TRUE,FALSE,TRUE,TRUE
"Alchemy Ingredient - Very Rare",1,Misc,Mundane,,0.5,30 bc,TRUE,FALSE,FALSE,TRUE
"Alchemist's Supplies",1,Misc,Mundane,,8,50 bc,FALSE,FALSE,TRUE,TRUE
"Brewer's Supplies",1,Misc,Mundane,,9,20 bc,TRUE,TRUE,TRUE,TRUE
"Cook's Utensils",1,Misc,Mundane,,8,1 bc,FALSE,FALSE,TRUE,TRUE
"Poisoner's Kit",1,Misc,Mundane,,2,50 bc,FALSE,TRUE,TRUE,TRUE
"Potion - Common",1,Misc,Mundane,,0.25,50 bc,TRUE,TRUE,TRUE,TRUE
"Potion - Uncommon",1,Misc,Mundane,,0.25,250 bc,TRUE,TRUE,TRUE,TRUE
"Potion - Rare",1,Misc,Mundane,,0.25,2500 bc,FALSE,FALSE,TRUE,TRUE
"Potion - Very Rare",1,Misc,Mundane,,0.25,12500 bc,FALSE,FALSE,TRUE,TRUE
"Potion - Legendary",1,Misc,Mundane,,0.25,62500 bc,FALSE,FALSE,FALSE,TRUE
"Spell Components",1,Misc,Mundane,,0.5,??,TRUE,TRUE,TRUE,TRUE
,,,,,,,,,,
"Arcance Shop",,,,,,,,,,
"Name",#,Type,Tier,Durability,Weight,Value,Limited Stock,Rural Locale,Urban Locale,Premium Locale
"Conduit - Crystal",1,Misc,Mundane,,1,10 bc,TRUE,TRUE,TRUE,TRUE
"Conduit - Orb",1,Misc,Mundane,,3,20 bc,FALSE,FALSE,TRUE,TRUE
"Conduit - Rod",1,Misc,Mundane,,2,10 bc,FALSE,TRUE,TRUE,TRUE
"Conduit - Staff",1,Misc,Mundane,,4,5 bc,TRUE,TRUE,TRUE,TRUE
"Conduit - Wand",1,Misc,Mundane,,1,10 bc,TRUE,TRUE,TRUE,TRUE
"Bottle, glass",1,Misc,Mundane,,2,2 bc,FALSE,TRUE,TRUE,TRUE
"Candle",1,Misc,Mundane,,0.1,1 cc,TRUE,TRUE,TRUE,TRUE
"Case, Map or Scroll",1,Misc,Mundane,,1,1 bc,FALSE,TRUE,TRUE,TRUE
"Component Pouch (2/5 ft^3)",1,12 lb container,Mundane,,2,25 bc,TRUE,TRUE,TRUE,TRUE
"Druidic Focus - Sprig of Mistletoe",1,Misc,Mundane,,0.5,1 bc,TRUE,TRUE,TRUE,TRUE
"Druidic Focus - Totem",1,Misc,Mundane,,1,1 bc,FALSE,FALSE,TRUE,TRUE
"Druidic Focus - Wooden Staff",1,Misc,Mundane,,4,5 bc,FALSE,TRUE,TRUE,TRUE
"Druidic Focus - Yew Wand",1,Misc,Mundane,,1,10 bc,FALSE,TRUE,TRUE,TRUE
"Hourglass",1,Misc,Mundane,,1,25 bc,FALSE,FALSE,FALSE,TRUE
"Ink (1 ounce bottle)",1,Misc,Mundane,,0.1,10 bc,FALSE,TRUE,TRUE,TRUE
"Ink Pen (Fountain)",1,Misc,Mundane,,0.05,3 bc,FALSE,TRUE,TRUE,TRUE
"Paper (one sheet)",1,Misc,Mundane,,0,20 cc,FALSE,FALSE,TRUE,TRUE
"Parchment (one sheet)",1,Misc,Mundane,,0,10 cc,FALSE,TRUE,TRUE,TRUE
"Pouch (1/5 ft^3)",1,6 lb container,Mundane,,1,50 cc,FALSE,TRUE,TRUE,TRUE
"Robes",1,Misc,Mundane,,4,1 bc,FALSE,FALSE,TRUE,TRUE
"Spellbook",1,Misc,Mundane,,3,50 bc,FALSE,TRUE,TRUE,TRUE
"Vial",1,Misc,Mundane,,0.1,1 bc,FALSE,TRUE,TRUE,TRUE
"Alchemist's Supplies",1,Misc,Mundane,,8,50 bc,FALSE,TRUE,TRUE,TRUE
"Calligrapher's Supplies",1,Misc,Mundane,,5,10 bc,FALSE,FALSE,TRUE,TRUE
"Lute",1,Misc,Mundane,,2,35 bc,FALSE,FALSE,TRUE,TRUE
"Lyre",1,Misc,Mundane,,2,30 bc,FALSE,FALSE,FALSE,TRUE
"-[Services]-",,,,,,,,,,
"Magic Appraisal (Identify)",,,,,100 bc,,TRUE,TRUE,TRUE,TRUE
"Common (Cantrip)",,,,,50 bc,,TRUE,TRUE,TRUE,TRUE
"Common (Level 1)",,,,,100 bc,,TRUE,TRUE,TRUE,TRUE
"Uncommon (Level 2)",,,,,250 bc,,FALSE,FALSE,TRUE,TRUE
"Uncommon (Level 3)",,,,,500 bc,,FALSE,FALSE,TRUE,TRUE
"Rare (Level 4)",,,,,2500 bc,,FALSE,FALSE,FALSE,TRUE
"Rare (Level 5)",,,,,5000 bc,,FALSE,FALSE,FALSE,TRUE
,,,,,,,,,,
"Inns",,,,,,,,,,
"Name",#,Type,Tier,Durability,Weight,Value,Limited Stock,Rural Locale,Urban Locale,Premium Locale
"-[Typical Breakfast Options: Commer]-",,,,,,,,,,
"“Meat” Stick",1,Misc,Mundane,,0.25,3 cc,FALSE,FALSE,FALSE,FALSE
"Roasted Locusts",1,Misc,Mundane,,0.25,3 cc,FALSE,FALSE,FALSE,FALSE
"Cheese Omelet",1,Misc,Mundane,,0.25,4 cc,FALSE,FALSE,FALSE,FALSE
"Ham & Cheese on Rye",1,Misc,Mundane,,0.25,5 cc,FALSE,FALSE,FALSE,FALSE
"-[Typical Breakfast Options: Merchant]-",,,,,,,,,,
"Bacon & Egg Sandwich",1,Misc,Mundane,,0.25,30 cc,FALSE,FALSE,FALSE,FALSE
"Omelet “your’ Way",1,Misc,Mundane,,0.25,30 cc,FALSE,FALSE,FALSE,FALSE
"Bloodhawk Eggs",1,Misc,Mundane,,0.25,40 cc,FALSE,FALSE,FALSE,FALSE
"Bacon Stuffed Bread",1,Misc,Mundane,,0.25,50 cc,FALSE,FALSE,FALSE,FALSE
"-[Typical Breakfast Options: Noble]-",,,,,,,,,,
"Frittata & Herbs",1,Misc,Mundane,,0.25,1 bc,FALSE,FALSE,FALSE,FALSE
"Bacon & Owlbear Eggs",1,Misc,Mundane,,0.25,2 bc,FALSE,FALSE,FALSE,FALSE
"Boar Ham Steak & Eggs",1,Misc,Mundane,,0.25,2 bc,FALSE,FALSE,FALSE,FALSE
"Truffle Omelet",1,Misc,Mundane,,0.25,3 bc,FALSE,FALSE,FALSE,FALSE
"-[Typical Lunch Options: Commoner]-",,,,,,,,,,
"Stockpot Stew/ Soup",1,Misc,Mundane,,0.25,4 cc,FALSE,FALSE,FALSE,FALSE
"“Adventurer’s” Steak",1,Misc,Mundane,,0.25,4 cc,FALSE,FALSE,FALSE,FALSE
"Minced Pork",1,Misc,Mundane,,0.25,5 cc,FALSE,FALSE,FALSE,FALSE
"Roast Goat & Cheese",1,Misc,Mundane,,0.25,6 cc,FALSE,FALSE,FALSE,FALSE
"-[Typical Lunch Options: Merchant]-",,,,,,,,,,
"Roast Lamb & Cheese",1,Misc,Mundane,,0.25,40 cc,FALSE,FALSE,FALSE,FALSE
"Boar Tenderloin",1,Misc,Mundane,,0.25,50 cc,FALSE,FALSE,FALSE,FALSE
"Baked Goose Breast",1,Misc,Mundane,,0.25,50 cc,FALSE,FALSE,FALSE,FALSE
"Grilled Salmon",1,Misc,Mundane,,0.25,60 cc,FALSE,FALSE,FALSE,FALSE
"-[Typical Lunch Options: Noble]-",,,,,,,,,,
"Rack of Lamb",1,Misc,Mundane,,0.25,2 bc,FALSE,FALSE,FALSE,FALSE
"Shellfish Platter",1,Misc,Mundane,,0.25,3 bc,FALSE,FALSE,FALSE,FALSE
"Dragon Turtle Soup",1,Misc,Mundane,,0.25,4 bc,FALSE,FALSE,FALSE,FALSE
"Roc Meat Portion",1,Misc,Mundane,,0.25,5 bc,FALSE,FALSE,FALSE,FALSE
"-[Typical Dinner Options: Commoner]-",,,,,,,,,,
"Stockpot Stew/ Soup",1,Misc,Mundane,,0.25,4 cc,FALSE,FALSE,FALSE,FALSE
"Grave of Small Birds",1,Misc,Mundane,,0.25,5 cc,FALSE,FALSE,FALSE,FALSE
"‘Tasha’s Hideous’ Stew",1,Misc,Mundane,,0.25,5 cc,FALSE,FALSE,FALSE,FALSE
"Rabbit & Potato Plate",1,Misc,Mundane,,0.25,6 cc,FALSE,FALSE,FALSE,FALSE
"-[Typical Dinner Options: Merchant]-",,,,,,,,,,
"Hunter’s Pie",1,Misc,Mundane,,0.25,40 cc,FALSE,FALSE,FALSE,FALSE
"Bloodhawk Breast",1,Misc,Mundane,,0.25,50 cc,FALSE,FALSE,FALSE,FALSE
"Crocodile Steak",1,Misc,Mundane,,0.25,50 cc,FALSE,FALSE,FALSE,FALSE
"Roasted Bullywug Legs",1,Misc,Mundane,,0.25,60 cc,FALSE,FALSE,FALSE,FALSE
"-[Typical Dinner Options: Merchant]-",,,,,,,,,,
"Buffalo Ribeye",1,Misc,Mundane,,0.25,2 bc,FALSE,FALSE,FALSE,FALSE
"Sahuagin Caviar",1,Misc,Mundane,,0.25,3 bc,FALSE,FALSE,FALSE,FALSE
"Owlbear Steak & Eggs",1,Misc,Mundane,,0.25,4 bc,FALSE,FALSE,FALSE,FALSE
"[color] Dragon Steak",1,Misc,Mundane,,0.25,5 bc,FALSE,FALSE,FALSE,FALSE
"-[Room Prices, Inns/Taverns]-",,,,,,,,,,
"Commoner Room",,,,,5 cc,,TRUE,TRUE,TRUE,TRUE
"Modest Room",,,,,10 cc,,TRUE,TRUE,TRUE,TRUE
"Merchant Room",,,,,1 bc,,TRUE,TRUE,TRUE,TRUE
"Wealthy Room",,,,,2 bc,,TRUE,FALSE,TRUE,TRUE
"Noble Room",,,,,4 bc,,TRUE,FALSE,FALSE,TRUE
,,,,,,,,,,
"Market Produce/Foods",,,,,,,,,,
"Name",#,Type,Tier,Durability,Weight,Value,Limited Stock,Rural Locale,Urban Locale,Premium Locale
"Coffee - Cup",1,Misc,Mundane,,0.25,5 cc,FALSE,FALSE,FALSE,FALSE
"Goodberry “Wine” - Cup",1,Misc,Mundane,,0.25,10 cc,FALSE,FALSE,FALSE,FALSE
"Fruit Juice (Varies) - Cup",1,Misc,Mundane,,0.25,5 cc,FALSE,FALSE,FALSE,FALSE
"Milk (Local Variety) - Cup",1,Misc,Mundane,,0.25,3 cc,FALSE,FALSE,FALSE,FALSE
"Fruit - In Season - A Piece",1,Misc,Mundane,,0.25,1 cc,FALSE,FALSE,FALSE,FALSE
"Fruit - Out of Season - A Piece",1,Misc,Mundane,,0.25,5 cc,FALSE,FALSE,FALSE,FALSE
"Amaranth Leaf/ Greens - Bushel",1,Misc,Mundane,,0.25,5 cc,FALSE,FALSE,FALSE,FALSE
"Broccoli/ Cauliflower - Bushel",1,Misc,Mundane,,0.25,3 cc,FALSE,FALSE,FALSE,FALSE
"Cabbage/ Lettuce - Bushel",1,Misc,Mundane,,0.25,2 cc,FALSE,FALSE,FALSE,FALSE
"Fruit “Vegetable” - Each",1,Misc,Mundane,,0.25,5 cc,FALSE,FALSE,FALSE,FALSE
"Legumes - Bushel",1,Misc,Mundane,,0.25,4 cc,FALSE,FALSE,FALSE,FALSE
"Root Vegetable/ Tuber - Bushel",1,Misc,Mundane,,0.25,1 cc,FALSE,FALSE,FALSE,FALSE
"Amaranth",1,Misc,Mundane,,0.25,2 bc,FALSE,FALSE,FALSE,FALSE
"Barley/ Rye",1,Misc,Mundane,,0.25,2 cc,FALSE,FALSE,FALSE,FALSE
"Oats",1,Misc,Mundane,,0.25,50 cc,FALSE,FALSE,FALSE,FALSE
"Quinoa",1,Misc,Mundane,,0.25,1 bc,FALSE,FALSE,FALSE,FALSE
"Rice",1,Misc,Mundane,,0.25,5 cc,FALSE,FALSE,FALSE,FALSE
"Wheat",1,Misc,Mundane,,0.25,10 cc,FALSE,FALSE,FALSE,FALSE
"Almond/ Sweet Roll (S)",1,Misc,Mundane,,0.25,10 cc,FALSE,FALSE,FALSE,FALSE
"Seed Cake",1,Misc,Mundane,,0.25,5 cc,FALSE,FALSE,FALSE,FALSE
"Cheat/ Wheaten Loaf",1,Misc,Mundane,,0.25,20 cc,FALSE,FALSE,FALSE,FALSE
"Cheese Danish",1,Misc,Mundane,,0.25,10 cc,FALSE,FALSE,FALSE,FALSE
"Fruit Tart (S)",1,Misc,Mundane,,0.25,20 cc,FALSE,FALSE,FALSE,FALSE
"Manchet Loaf",1,Misc,Mundane,,0.25,1 bc,FALSE,FALSE,FALSE,FALSE
"Quince Bread Slice (S)",1,Misc,Mundane,,0.25,20 cc,FALSE,FALSE,FALSE,FALSE
"Rye Loaf",1,Misc,Mundane,,0.25,2 cc,FALSE,FALSE,FALSE,FALSE
"Beef/ Buffalo/ Deer",1,Misc,Mundane,,1,30 cc,FALSE,FALSE,FALSE,FALSE
"Boar/ Chicken/ Pork",1,Misc,Mundane,,1,8 cc,FALSE,FALSE,FALSE,FALSE
"Dried/ Salted Meat",1,Misc,Mundane,,1,50 cc,FALSE,FALSE,FALSE,FALSE
"Egg (for 6)",1,Misc,Mundane,,1,3 cc,FALSE,FALSE,FALSE,FALSE
"Fish",1,Misc,Mundane,,1,60 cc,FALSE,FALSE,FALSE,FALSE
"Insects/ Small Game",1,Misc,Mundane,,1,4 cc,FALSE,FALSE,FALSE,FALSE
"Goat",1,Misc,Mundane,,1,10 cc,FALSE,FALSE,FALSE,FALSE
"Lamb",1,Misc,Mundane,,1,1 bc,FALSE,FALSE,FALSE,FALSE
"Shellfish (Oceanic)",1,Misc,Mundane,,1,2 bc,FALSE,FALSE,FALSE,FALSE
"Brie Cheese (½.)",1,Misc,Mundane,,0.5,20 cc,FALSE,FALSE,FALSE,FALSE
"Cheddar Cheese (½.)",1,Misc,Mundane,,0.5,1 bc,FALSE,FALSE,FALSE,FALSE
"Cottage Cheese (½.)",1,Misc,Mundane,,0.5,4 cc,FALSE,FALSE,FALSE,FALSE
"Parmesan Cheese (½.)",1,Misc,Mundane,,0.5,50 cc,FALSE,FALSE,FALSE,FALSE
"Specialty Cheese (½.)",1,Misc,Mundane,,0.5,2 bc,FALSE,FALSE,FALSE,FALSE
"Cinnamon (½ Ounce)",1,Misc,Mundane,,0.03,10 cc,FALSE,FALSE,FALSE,FALSE
"Coriander (½ Ounce)",1,Misc,Mundane,,0.03,3 cc,FALSE,FALSE,FALSE,FALSE
"Cumin (½ Ounce)",1,Misc,Mundane,,0.03,7 cc,FALSE,FALSE,FALSE,FALSE
"Garlic (½ Ounce)",1,Misc,Mundane,,0.03,2 cc,FALSE,FALSE,FALSE,FALSE
"Mustard (½ Ounce)",1,Misc,Mundane,,0.03,10 cc,FALSE,FALSE,FALSE,FALSE
"Nutmeg (½ Ounce)",1,Misc,Mundane,,0.03,8 cc,FALSE,FALSE,FALSE,FALSE
"Pepper (½ Ounce)",1,Misc,Mundane,,0.03,5 cc,FALSE,FALSE,FALSE,FALSE
"Salt (½ Ounce)",1,Misc,Mundane,,0.03,6 cc,FALSE,FALSE,FALSE,FALSE
"Specialty Spice (½ Ounce)",1,Misc,Mundane,,0.03,20 cc,FALSE,FALSE,FALSE,FALSE
,,,,,,,,,,
"Creature Parts Values",,,,,,,,,,
"Name",#,Type,Tier,Durability,Weight,Value,Limited Stock,Rural Locale,Urban Locale,Premium Locale
"[Selling Value (Creature XP %)] CR: 0 – 6",,,,,50 bc,,FALSE,FALSE,FALSE,FALSE
"[Selling Value (Creature XP %)] CR: 7 – 12",,,,,#N/A,,FALSE,FALSE,FALSE,FALSE
"[Selling Value (Creature XP %)] CR: 13 – 18",,,,,#N/A,,FALSE,FALSE,FALSE,FALSE
"[Selling Value (Creature XP %)] CR: 19 – 24",,,,,#N/A,,FALSE,FALSE,FALSE,FALSE
"[Selling Value (Creature XP %)] CR: 25+",,,,,#N/A,,FALSE,FALSE,FALSE,FALSE
,,,,,,,FALSE,FALSE,FALSE,FALSE
,,,,,,,FALSE,FALSE,FALSE,FALSE
,,,,,,,FALSE,FALSE,FALSE,FALSE
,,,,,,,FALSE,FALSE,FALSE,FALSE
,,,,,,,FALSE,FALSE,FALSE,FALSE
,,,,,,,FALSE,FALSE,FALSE,FALSE
,,,,,,,,,,
"High End Clothing",,,,,,,,,,
"Name",#,Type,Tier,Durability,Weight,Value,Limited Stock,Rural Locale,Urban Locale,Premium Locale
"-[Custom Clothing Items]-",,,,,,,,,,
"Bandolier",1,Misc,Mundane,,0.5,8 bc,FALSE,FALSE,FALSE,FALSE
"Belt",1,Misc,Mundane,,0.5,2 bc,FALSE,FALSE,FALSE,FALSE
"“Better” Backpack (1.2 ft^3)",1,35 lb container,Mundane,,5,4 bc,FALSE,FALSE,FALSE,FALSE
"Blouse",1,Misc,Mundane,,0.5,1 bc,FALSE,FALSE,FALSE,FALSE
"Breeches",1,Misc,Mundane,,1,1 bc,FALSE,FALSE,FALSE,FALSE
"Boots",1,Misc,Mundane,,1,4 bc,FALSE,FALSE,FALSE,FALSE
"Bow Tie",1,Misc,Mundane,,0.2,50 cc,FALSE,FALSE,FALSE,FALSE
"Cloak/ (Mantle, -1 bc)",1,Misc,Mundane,,2,4 bc,FALSE,FALSE,FALSE,FALSE
"Coat",1,Misc,Mundane,,5,5 bc,FALSE,FALSE,FALSE,FALSE
"Coin Purse",1,Misc,Mundane,,0.06,1 bc,FALSE,FALSE,FALSE,FALSE
"Corset",1,Misc,Mundane,,3,3 bc,FALSE,FALSE,FALSE,FALSE
"Dress",1,Misc,Mundane,,4,7 bc,FALSE,FALSE,FALSE,FALSE
"Dress Pants",1,Misc,Mundane,,1,2 bc,FALSE,FALSE,FALSE,FALSE
"Dress Shirt",1,Misc,Mundane,,1,1 bc,FALSE,FALSE,FALSE,FALSE
"Dress Shoes",1,Misc,Mundane,,1,3 bc,FALSE,FALSE,FALSE,FALSE
"Ghillies (Dance Shoes)",1,Misc,Mundane,,1,2 bc,FALSE,FALSE,FALSE,FALSE
"Gloves",1,Misc,Mundane,,0.5,1 bc,FALSE,FALSE,FALSE,FALSE
"Hat",1,Misc,Mundane,,0.5,2 bc,FALSE,FALSE,FALSE,FALSE
"Jacket",1,Misc,Mundane,,3,4 bc,FALSE,FALSE,FALSE,FALSE
"Jerkin/ (Tabard, +1 bc)",1,Misc,Mundane,,5,2 bc,FALSE,FALSE,FALSE,FALSE
"Pouch (1/5 ft^3)",1,6 lb container,Mundane,,1,50 cc,FALSE,FALSE,FALSE,FALSE
"Robe",1,Misc,Mundane,,4,5 bc,FALSE,FALSE,FALSE,FALSE
"Sandals",1,Misc,Mundane,,1,3 bc,FALSE,FALSE,FALSE,FALSE
"Scarf",1,Misc,Mundane,,0.5,50 cc,FALSE,FALSE,FALSE,FALSE
"Skirt/ (Kilt +1 bc)",1,Misc,Mundane,,2,3 bc,FALSE,FALSE,FALSE,FALSE
"Swimwear",1,Misc,Mundane,,1,1 bc,FALSE,FALSE,FALSE,FALSE
"Tie",1,Misc,Mundane,,0.25,50 cc,FALSE,FALSE,FALSE,FALSE
"Tunic",1,Misc,Mundane,,2,50 cc,FALSE,FALSE,FALSE,FALSE
"Undergarments",1,Misc,Mundane,,0.5,50 cc,FALSE,FALSE,FALSE,FALSE
"Vests",1,Misc,Mundane,,1,3 bc,FALSE,FALSE,FALSE,FALSE
"-[Extras]-",,,,,,,,,,
"Closure Devices (Options): Buckles",1,Misc,Mundane,,0.2,10 cc,FALSE,FALSE,FALSE,FALSE
"Closure Devices (Options): Snaps",1,Misc,Mundane,,0.2,50 cc,FALSE,FALSE,FALSE,FALSE
"Cosmetic: Embroidery (per foot)",1,Misc,Mundane,,0,2 bc,FALSE,FALSE,FALSE,FALSE
"Cosmetic: Linen Cloth Construction",1,Misc,Mundane,,0,(+)1 bc,FALSE,FALSE,FALSE,FALSE
"Cosmetic: Lining (Material Options): Fur",1,Misc,Mundane,,0,3 bc,FALSE,FALSE,FALSE,FALSE
"Cosmetic: Lining (Material Options): Leather (Basic)",1,Misc,Mundane,,0,4 bc,FALSE,FALSE,FALSE,FALSE
"Cosmetic: Lining (Material Options): Leather (Specialty)",1,Misc,Mundane,,0,(+)CR% N.,FALSE,FALSE,FALSE,FALSE
"Cosmetic: Lining (Material Options): Silk",1,Misc,Mundane,,0,3 bc,FALSE,FALSE,FALSE,FALSE
"Cosmetic: Pockets",1,Misc,Mundane,,0,20 cc,FALSE,FALSE,FALSE,FALSE
,,,,,,,,,,
"Special Materials, Leather Armor Pieces",,,,,,,,,,
"Name",#,Type,Tier,Durability,Weight,Value,Limited Stock,Rural Locale,Urban Locale,Premium Locale
"-[Custom Armor Parts]-",,,,,,,,,,
"Cosmetic: Bracers",1,Misc,Mundane,,0,50 cc,FALSE,FALSE,FALSE,FALSE
"Cosmetic: Breastplate",1,Misc,Mundane,,0,3 bc,FALSE,FALSE,FALSE,FALSE
"Boots",1,Misc,Mundane,,1,4 bc,FALSE,FALSE,FALSE,FALSE
"Cloak/ (Mantle, -1 bc)",1,Misc,Mundane,,2,4 bc,FALSE,FALSE,FALSE,FALSE
"Cosmetic: Cuisse (Thigh Armor)",1,Misc,Mundane,,0,1 bc,FALSE,FALSE,FALSE,FALSE
"Cosmetic: Full Arm Armor (Pair)",1,Misc,Mundane,,0,1 bc,FALSE,FALSE,FALSE,FALSE
"Cosmetic: Full Leg Armor (Pair)",1,Misc,Mundane,,0,2 bc,FALSE,FALSE,FALSE,FALSE
"Cosmetic: Gauntlets",1,Misc,Mundane,,0,1 bc,FALSE,FALSE,FALSE,FALSE
"Gloves",1,Misc,Mundane,,0.5,1 bc,FALSE,FALSE,FALSE,FALSE
"Cosmetic: Gorget (Neck)",1,Misc,Mundane,,0,50 cc,FALSE,FALSE,FALSE,FALSE
"Cosmetic: Greaves (Lower Leg)",1,Misc,Mundane,,0,1 bc,FALSE,FALSE,FALSE,FALSE
"Cosmetic: Harness (Chest & Back), Extra",1,Misc,Mundane,,0,7 bc,FALSE,FALSE,FALSE,FALSE
"Cosmetic: Helmet",1,Misc,Mundane,,0,2 bc,FALSE,FALSE,FALSE,FALSE
"Cosmetic: Pauldrons (Shoulders)",1,Misc,Mundane,,0,1 bc,FALSE,FALSE,FALSE,FALSE
"Cosmetic: Sabatons (Feet)",1,Misc,Mundane,,0,50 cc,FALSE,FALSE,FALSE,FALSE
"-[Custom Accessories]-",,,,,,,,,,
"Small Shield (Buckler, Targe, Parma)",1,Phy. Def. 1,Mundane,12/12,4,2 bc,FALSE,FALSE,FALSE,FALSE
"Quiver (capacity: 20)",1,Misc,Mundane,,1,1 bc,FALSE,FALSE,FALSE,FALSE
"Cosmetic: Sheathe (See Unit Note)",1,Misc,Mundane,,0,80 cc,FALSE,FALSE,FALSE,FALSE
,,,,,,,,,,
"Special Crafting Materials",,,,,,,,,,
"Name",#,Type,Tier,Durability,Weight,Value,Limited Stock,Rural Locale,Urban Locale,Premium Locale
"Adamantite",1,Misc,Mundane,,1,200 bc,FALSE,FALSE,FALSE,FALSE
"Aero Crystal",1,Misc,Mundane,,1,400 bc,FALSE,FALSE,FALSE,FALSE
"Asmoroch Wood",1,Misc,Mundane,,1,400 bc,FALSE,FALSE,FALSE,FALSE
"Beast Feathers (CR Values)",1,Misc,Mundane,,1,CR% N.,FALSE,FALSE,FALSE,FALSE
"Bone (CR Values)",1,Misc,Mundane,,1,CR% N.,FALSE,FALSE,FALSE,FALSE
"Chitin (CR Values)",1,Misc,Mundane,,1,CR% N.,FALSE,FALSE,FALSE,FALSE
"Cold Iron",1,Misc,Mundane,,1,100 bc,FALSE,FALSE,FALSE,FALSE
"Coral",1,Misc,Mundane,,1,100 bc,FALSE,FALSE,FALSE,FALSE
"Creature Hide (CR Values)",1,Misc,Mundane,,1,CR% N.,FALSE,FALSE,FALSE,FALSE
"Creature Scales (CR Values)",1,Misc,Mundane,,1,CR% N.,FALSE,FALSE,FALSE,FALSE
"Darksteel",1,Misc,Mundane,,1,200 bc,FALSE,FALSE,FALSE,FALSE
"Darkwood",1,Misc,Mundane,,1,100 bc,FALSE,FALSE,FALSE,FALSE
"Dwarven Stone",1,Misc,Mundane,,1,400 bc,FALSE,FALSE,FALSE,FALSE
"Eternal Ice",1,Misc,Mundane,,1,400 bc,FALSE,FALSE,FALSE,FALSE
"Ignum",1,Misc,Mundane,,1,400 bc,FALSE,FALSE,FALSE,FALSE
"Infernal Leather",1,Misc,Mundane,,1,800 bc,FALSE,FALSE,FALSE,FALSE
"Infernal Steel",1,Misc,Mundane,,1,800 bc,FALSE,FALSE,FALSE,FALSE
"Leafweave",1,Misc,Mundane,,1,100 bc,FALSE,FALSE,FALSE,FALSE
"Mithril",1,Misc,Mundane,,1,200 bc,FALSE,FALSE,FALSE,FALSE
"Obsidian",1,Misc,Mundane,,1,200 bc,FALSE,FALSE,FALSE,FALSE
"Orichalum",1,Misc,Mundane,,1,400 bc,FALSE,FALSE,FALSE,FALSE
"Plague Wood",1,Misc,Mundane,,1,200 bc,FALSE,FALSE,FALSE,FALSE
"Shadowsilk (CR Values)",1,Misc,Mundane,,1,CR% N.,FALSE,FALSE,FALSE,FALSE
"Shadowfell Linen",1,Misc,Mundane,,1,800 bc,FALSE,FALSE,FALSE,FALSE
"Spiritual Wood",1,Misc,Mundane,,1,200 bc,FALSE,FALSE,FALSE,FALSE
"Stellar Iron",1,Misc,Mundane,,1,800 bc,FALSE,FALSE,FALSE,FALSE
,,,,,,,,,,
"Runecrafts - Weapons",,,,,,,,,,
,,,,,,,,,,
"Name",#,Type,Tier,Durability,Weight,Value,Limited Stock,Rural Locale,Urban Locale,Premium Locale
,,,,,,,,,,